sensor_1,sensor_2
103.3095245361328,37.99788284301758
105.80216979980467,35.02509689331055
103.81431579589844,34.169471740722656
97.58456420898438,36.54945755004883
101.1595687866211,33.29643249511719
104.73894500732422,35.72633743286133
98.7864761352539,37.66594696044922
105.85086822509766,36.557220458984375
105.14203643798828,36.66902923583984
105.4607162475586,35.78760528564453
97.91842651367188,37.23755645751953
98.88526153564452,37.42339706420898
99.2616195678711,33.28559875488281
100.18921661376952,34.257293701171875
104.9792709350586,36.24678039550781
97.63142395019533,34.287166595458984
103.91927337646484,37.33149337768555
104.7857894897461,36.93352127075195
99.52283477783205,35.43661880493164
101.22956848144533,36.742671966552734
104.19676971435548,37.38150024414063
97.65572357177734,37.7358627319336
99.19296264648438,36.993743896484375
104.37206268310548,33.87980651855469
106.45291137695312,
,34.49771881103516
105.79132080078124,34.344482421875
99.50664520263672,34.189571380615234
99.55486297607422,36.5045280456543
99.7342529296875,34.836875915527344
106.17056274414062,
,33.78993606567383
97.1611785888672,36.2868766784668
102.11963653564452,34.831024169921875
97.939208984375,37.17030715942383
106.07901763916016,35.31447982788086
105.51719665527344,34.12670135498047
104.77479553222656,33.09251403808594
100.09931182861328,35.70501708984375
102.31430053710938,37.86997222900391
100.9321746826172,33.31126403808594
105.49143981933594,36.984283447265625
102.0572280883789,37.953216552734375
101.11070251464844,
,35.0245246887207
98.0431671142578,37.22587966918945
97.65550231933594,37.55216217041016
97.62924194335938,36.35765075683594
103.08306884765624,34.21670150756836
97.44586944580078,33.67888259887695
102.61456298828124,37.67538070678711
98.51285552978516,35.17691421508789
105.2247314453125,35.265132904052734
98.45777893066406,34.13187789916992
98.7674789428711,37.90517807006836
101.84175872802734,
,33.27899169921875
102.36744689941406,33.602256774902344
100.1693115234375,33.13114547729492
105.37627410888672,36.80052947998047
101.93006134033205,33.66761016845703
106.49713134765624,36.37152862548828
101.12973022460938,33.171321868896484
97.43223571777344,37.67367935180664
102.10572814941406,33.804012298583984
98.15373992919922,37.81569290161133
103.69790649414062,35.62552261352539
98.45076751708984,
,33.52996063232422
97.85001373291016,36.091705322265625
98.1219482421875,33.35658645629883
105.91384887695312,36.33235168457031
106.99329376220705,34.223854064941406
100.8912353515625,37.80895233154297
97.7484130859375,36.84777069091797
103.3941650390625,33.5949821472168
106.0676727294922,35.44279479980469
102.05097198486328,37.12418365478516
98.35670471191406,36.5811882019043
97.93211364746094,34.720096588134766
98.22269439697266,36.00016021728516
105.12288665771484,
,36.84817886352539
103.35197448730467,37.315185546875
97.08415222167967,37.27874755859375
97.5899887084961,
,34.145545959472656
99.0375518798828,34.66971206665039
100.10935974121094,35.8961181640625
106.37353515625,37.16558837890625
98.35163879394533,33.263057708740234
105.64935302734376,36.145206451416016
104.04750061035156,33.8244514465332
104.4804458618164,34.0081672668457
103.15370178222656,34.256446838378906
98.27901458740234,37.91403579711914
98.58525848388672,34.78824234008789
104.87761688232422,33.64533996582031
103.24800872802734,34.66633224487305
106.99068450927734,33.53654479980469
99.66934967041016,35.62961196899414
101.18254089355467,36.76697540283203
103.07839965820312,35.744163513183594
100.43218994140624,37.09966278076172
102.99524688720705,34.263206481933594
97.34207153320312,35.372032165527344
99.45197296142578,34.73093032836914
106.96379852294922,36.10416793823242
106.41160583496094,34.8637580871582
98.16033935546876,35.28025817871094
101.07610321044922,36.907901763916016
102.38593292236328,37.79069900512695
97.50069427490234,34.667144775390625
102.51463317871094,33.45695114135742
105.81820678710938,37.75689315795898
98.43362426757812,36.98471832275391
100.86549377441406,33.922691345214844
97.08575439453124,33.12601089477539
100.08423614501952,37.52220916748047
101.1288833618164,35.28826904296875
104.2826919555664,33.9012336730957
104.17091369628906,36.65689086914063
101.40418243408205,37.4500617980957
103.68360900878906,37.77035903930664
99.884033203125,36.43698120117188
100.20974731445312,33.44851303100586
105.53240203857422,36.5396728515625
106.16619110107422,33.05322265625
102.76749420166016,34.576541900634766
106.35856628417967,36.12372970581055
102.10205078125,
,37.49892425537109
100.42835998535156,36.47572708129883
97.9740219116211,
,36.904972076416016
102.88451385498048,37.68294525146485
100.0428466796875,35.301639556884766
105.63731384277344,33.14191436767578
98.76212310791016,33.884281158447266
101.56170654296876,33.190792083740234
97.86286163330078,34.3476448059082
102.97354125976562,37.99178695678711
99.88135528564452,36.7135124206543
105.80870819091795,33.57085037231445
104.42285919189452,35.192893981933594
98.27851104736328,
,33.59051513671875
104.16925811767578,35.565155029296875
99.26294708251952,36.16352462768555
103.06724548339844,35.466575622558594
102.42224884033205,36.11732482910156
100.40692138671876,37.35161972045898
103.95712280273438,34.20951461791992
103.63085174560548,33.903594970703125
105.76805114746094,34.214115142822266
104.64904022216795,
,36.0694465637207
106.37220764160156,36.03386688232422
98.13874816894533,35.06269836425781
100.4667739868164,34.405418395996094
101.33868408203124,33.95130920410156
99.81814575195312,35.05195999145508
102.69271850585938,34.04083633422852
100.41573333740234,34.63493347167969
100.9586181640625,34.40174102783203
104.77145385742188,33.833248138427734
98.99835968017578,35.321197509765625
98.8969955444336,35.064571380615234
106.86309814453124,35.36026763916016
100.139892578125,37.92499542236328
100.6791534423828,37.47814178466797
98.91656494140624,35.663124084472656
98.36309814453124,37.745384216308594
106.3413543701172,36.05888366699219
106.58513641357422,37.67608642578125
99.63619995117188,33.94948959350586
105.29794311523438,34.494876861572266
106.44578552246094,
,35.1953239440918
97.19135284423828,33.75160217285156
101.62801361083984,35.59912109375
98.41171264648438,36.86293411254883
104.23165893554688,35.57808303833008
106.79994201660156,36.4015998840332
106.2764129638672,34.12857818603516
103.21456146240234,35.45450592041016
101.9661865234375,36.84353256225586
106.2923812866211,37.15543746948242
106.92412567138672,37.38965225219727
104.8217544555664,36.60533905029297
97.95521545410156,35.7718620300293
97.3098373413086,33.267337799072266
101.25838470458984,
,33.630558013916016
104.71525573730467,36.39335632324219
102.49932861328124,37.19963073730469
100.5389404296875,36.24504089355469
99.14281463623048,37.237735748291016
97.74501037597656,33.85004806518555
97.40487670898438,33.00804901123047
103.19436645507812,34.27037048339844
104.14965057373048,37.08974838256836
101.85922241210938,33.022010803222656
104.21878814697266,37.62760925292969
100.6313247680664,37.33453369140625
101.00116729736328,33.12823486328125
102.51506805419922,34.74728012084961
102.9070053100586,34.25776672363281
101.75382232666016,35.98616027832031
105.05680084228516,36.92792892456055
105.24353790283205,34.63238906860352
100.676513671875,
,36.94682312011719
97.03279876708984,35.13447189331055
104.97920989990234,35.130279541015625
105.38497924804688,
,36.28254699707031
105.03729248046876,34.35409164428711
99.52316284179688,33.72429275512695
105.2120590209961,36.45416259765625
97.60499572753906,33.36943054199219
103.19918060302734,34.69976043701172
103.4671859741211,35.33975982666016
98.64924621582033,36.48923110961914
97.48078918457033,33.553165435791016
101.60716247558594,35.76957702636719
104.7852020263672,34.61894607543945
104.24053192138672,35.97977828979492
101.69020080566406,34.3256950378418
100.84099578857422,36.39920425415039
104.87899017333984,35.11268615722656
100.88200378417967,33.96600341796875
99.73387908935548,34.02635192871094
100.3754425048828,35.773929595947266
98.22528839111328,36.05562973022461
97.56188201904295,37.67253494262695
101.18826293945312,37.51640319824219
100.97435760498048,35.738250732421875
104.99999237060548,33.71489715576172
105.43093872070312,33.740501403808594
104.96959686279295,37.82019805908203
106.20967864990234,36.87686538696289
98.09884643554688,37.811302185058594
104.83922576904295,37.235748291015625
106.3769989013672,36.49037170410156
97.24762725830078,37.03236389160156
98.4386215209961,35.498287200927734
106.32564544677734,36.9790153503418
100.94178771972656,33.26148223876953
102.4926300048828,37.02933883666992
100.33779907226562,34.59877395629883
104.82698059082033,33.344871520996094
105.42643737792967,37.68149948120117
102.40084838867188,36.89790725708008
99.16233825683594,34.76297378540039
103.25357055664062,36.307716369628906
98.17633819580078,36.157623291015625
102.33948516845705,37.72075271606445
103.4549789428711,35.66105270385742
99.06200408935548,37.53672790527344
98.77384948730467,35.418426513671875
102.75080871582033,33.890830993652344
100.29298400878906,36.060279846191406
101.6268081665039,36.73538589477539
101.57138061523438,37.25372314453125
105.73677825927734,34.2567138671875
102.14889526367188,35.51313400268555
97.96109771728516,
,33.557838439941406
103.40428161621094,36.35034942626953
106.73074340820312,34.35237503051758
102.6773681640625,36.23769760131836
103.4821548461914,33.89378356933594
101.2439422607422,35.73070526123047
106.83920288085938,37.64868927001953
97.0329818725586,
,33.95282745361328
98.4678726196289,37.6840934753418
101.11080932617188,
,33.67919158935547
103.1151885986328,34.30601119995117
99.37552642822266,35.932132720947266
103.47154235839844,34.4263916015625
101.870361328125,37.47397613525391
98.9566650390625,37.10457229614258
106.84111785888672,37.41721725463867
103.32177734375,34.60533142089844
103.64197540283205,36.146331787109375
104.91587829589844,35.73209762573242
104.27613067626952,34.560890197753906
103.35343170166016,33.28453063964844
104.46173095703124,
,35.00162506103516
101.4604721069336,35.0024528503418
100.63980102539062,36.85841751098633
99.9599838256836,35.532833099365234
102.048583984375,35.83012390136719
103.73814392089844,33.66862869262695
103.31783294677734,34.2778205871582
102.17121887207033,36.16392135620117
103.97430419921876,34.570003509521484
98.8470230102539,
,33.85354232788086
100.77802276611328,36.03850173950195
98.56487274169922,33.116092681884766
102.52415466308594,37.24235534667969
99.77497863769533,36.0087890625
102.74695587158205,37.14093017578125
100.03909301757812,35.21955108642578
106.96705627441406,33.18373489379883
98.3249740600586,33.90036392211914
105.62171173095705,34.99760437011719
103.1045379638672,33.692989349365234
98.45602416992188,36.902156829833984
100.59459686279295,34.39372634887695
99.47356414794922,33.76829528808594
100.3423309326172,35.36100387573242
98.98309326171876,35.404537200927734
99.93783569335938,33.56015396118164
100.56139373779295,37.103736877441406
101.5701141357422,36.116798400878906
99.55335998535156,35.80586242675781
102.39836883544922,34.206478118896484
106.6439971923828,37.17119598388672
99.1037368774414,36.90488815307617
106.49095916748048,35.53657913208008
104.69159698486328,35.592315673828125
103.36903381347656,34.565486907958984
105.64811706542967,33.57834243774414
104.97463989257812,33.90738677978516
102.63495635986328,33.16962814331055
102.5048599243164,36.09556198120117
97.92778778076172,37.63760757446289
105.98451232910156,37.80062484741211
97.7033233642578,36.30778503417969
104.33562469482422,36.59820556640625
101.94876861572266,34.944053649902344
97.1522979736328,36.27843475341797
104.03643035888672,34.2279167175293
103.3473129272461,36.91669845581055
105.098388671875,37.95856857299805
100.93873596191406,
,33.460323333740234
105.9174346923828,33.136775970458984
97.99737548828124,37.22211456298828
101.07630157470705,34.66020202636719
102.80279541015624,34.89219665527344
103.8578109741211,33.82054901123047
97.91737365722656,36.78212738037109
103.52359771728516,35.42990493774414
101.7466278076172,33.83332824707031
105.02315521240234,36.879581451416016
102.00305938720705,36.52719497680664
99.15374755859376,34.30017852783203
97.0356216430664,33.80496597290039
101.31120300292967,35.62726593017578
102.26547241210938,37.93053436279297
101.04447174072266,34.13583755493164
105.95318603515624,34.95633316040039
100.07294464111328,37.09229278564453
101.02723693847656,37.680885314941406
99.77738189697266,36.78971481323242
99.51473236083984,33.63653945922852
104.82110595703124,34.308292388916016
102.44161987304688,36.69292068481445
100.38067626953124,36.79122161865234
106.4925308227539,37.80049133300781
105.8121566772461,37.2851676940918
97.32135009765624,37.18480682373047
104.1587905883789,34.55649185180664
104.99445343017578,33.327396392822266
102.267822265625,34.683868408203125
105.73685455322266,36.956275939941406
101.40118408203124,34.476158142089844
103.40918731689452,34.98008346557617
103.35780334472656,34.35744857788086
97.0888214111328,35.29122543334961
102.33680725097656,37.02263259887695
99.19625091552734,37.20298004150391
101.12460327148438,37.02802276611328
106.4862823486328,37.00415802001953
102.5236587524414,37.66339874267578
97.4661102294922,33.84513092041016
102.3262176513672,34.518184661865234
106.85718536376952,34.254398345947266
100.98875427246094,35.31187057495117
100.18328094482422,35.21349334716797
105.90367889404295,36.671146392822266
97.96147918701172,34.51353454589844
106.96227264404295,36.06013488769531
106.9952621459961,37.17496490478516
106.99578857421876,34.886924743652344
103.38220977783205,37.78375625610352
100.54659271240234,36.530067443847656
97.9873275756836,
,35.826744079589844
101.46292114257812,35.46355056762695
99.0518035888672,36.45592880249024
99.29483032226562,36.26521301269531
100.28705596923828,35.68016052246094
102.35980987548828,36.55412673950195
105.21866607666016,37.47126388549805
100.47725677490234,33.056270599365234
105.07005310058594,36.516151428222656
98.32057189941406,
,34.005088806152344
99.16815185546876,33.414527893066406
105.94133758544922,37.354129791259766
98.12995147705078,33.07060623168945
104.69947052001952,34.384159088134766
102.01786041259766,37.88397979736328
101.20923614501952,33.796287536621094
99.97821044921876,35.37684631347656
97.65213012695312,35.9968376159668
98.67658233642578,35.34037399291992
99.08430480957033,36.07206344604492
101.02410888671876,35.13850402832031
99.49732971191406,35.9170036315918
101.2825698852539,35.35356521606445
97.67896270751952,37.27228927612305
98.15316772460938,35.119041442871094
106.28453826904295,37.52607727050781
97.10211181640624,37.28742218017578
101.56282043457033,35.83163070678711
102.18629455566406,34.13677978515625
103.47682189941406,35.016571044921875
104.88117980957033,33.81769943237305
106.70589447021484,34.39692687988281
99.27288055419922,35.34593963623047
97.98667907714844,36.78123474121094
105.9845733642578,35.903621673583984
98.6120147705078,36.69613265991211
101.05740356445312,33.04255294799805
102.58831787109376,33.953346252441406
104.53646087646484,
,37.76719284057617
99.22301483154295,34.368038177490234
105.6717300415039,34.0330696105957
106.75042724609376,37.05495834350586
97.05471801757812,
,33.00751876831055
100.08869934082033,37.108192443847656
98.8984375,37.41270446777344
103.97423553466795,35.45489501953125
102.02278900146484,34.561866760253906
100.15572357177734,37.0416374206543
98.6320343017578,37.321659088134766
106.07564544677734,36.19235610961914
105.8551254272461,33.94956588745117
103.63302612304688,34.072479248046875
102.4426727294922,33.163028717041016
103.1659164428711,33.179931640625
99.84090423583984,
,33.68418502807617
97.038818359375,36.248046875
97.53953552246094,34.726810455322266
100.248779296875,33.56887435913086
99.20037078857422,35.9444694519043
99.38599395751952,
,37.50212097167969
97.5703353881836,37.45639801025391
102.52735137939452,33.89426803588867
101.40074157714844,37.2791748046875
101.32915496826172,
,34.24233627319336
105.50755310058594,35.21492004394531
98.71060943603516,33.4597053527832
105.51929473876952,33.45050048828125
100.50817108154295,33.1715202331543
97.1054458618164,33.88448715209961
97.33560180664062,36.396968841552734
103.35710144042967,35.053123474121094
102.24080657958984,36.782752990722656
97.33517456054688,37.90404510498047
100.15097045898438,37.0283203125
98.71237182617188,36.17936706542969
103.20770263671876,37.488426208496094
99.58450317382812,37.78019332885742
106.32435607910156,36.75984954833984
99.83918762207033,37.567138671875
102.65489196777344,36.69168472290039
97.20362854003906,37.162540435791016
104.92693328857422,36.776798248291016
100.6986846923828,36.553001403808594
98.52652740478516,36.39644241333008
100.98919677734376,35.32550048828125
99.0510025024414,33.313018798828125
103.97335815429688,36.6792221069336
101.24434661865234,33.80685043334961
99.83228302001952,37.2165412902832
103.44841003417967,34.87479782104492
103.83838653564452,37.97417449951172
99.52552795410156,34.85276412963867
100.36859893798828,35.73240661621094
101.27839660644533,34.304405212402344
102.77935791015624,37.027374267578125
97.1487808227539,35.65843963623047
99.86868286132812,
,36.22392654418945
100.14053344726562,37.282188415527344
100.87493133544922,36.38237380981445
106.26212310791016,35.890968322753906
103.3187255859375,36.12080764770508
105.59261322021484,34.05760955810547
98.38916778564452,36.999908447265625
106.4958953857422,33.99491882324219
104.52101135253906,37.26351165771485
102.99234008789062,35.94552993774414
100.12889099121094,37.688907623291016
102.51705932617188,37.27061080932617
103.0088348388672,35.610111236572266
103.0491180419922,35.989620208740234
105.45194244384766,36.23272705078125
105.41105651855467,37.16119384765625
102.20490264892578,36.16001892089844
98.2115707397461,33.37453079223633
102.7497787475586,34.27093505859375
103.4430160522461,37.92732238769531
101.13555908203124,33.46552276611328
99.34390258789062,36.596221923828125
104.95115661621094,34.9843635559082
97.57476043701172,34.76873779296875
104.21524810791016,33.266845703125
105.8930892944336,35.40121078491211
101.1025619506836,35.58964538574219
102.29942321777344,34.002803802490234
101.95513153076172,33.37017059326172
99.66493225097656,33.21743392944336
106.71691131591795,33.553306579589844
98.83094787597656,35.8182373046875
102.95922088623048,35.54902267456055
101.08831787109376,36.74721908569336
101.5683822631836,
,36.01862716674805
97.24652862548828,37.98829650878906
102.7217025756836,35.040313720703125
105.7689208984375,35.255306243896484
100.51285552978516,35.359405517578125
104.5119857788086,33.077518463134766
105.5886459350586,36.16773223876953
101.98050689697266,33.79810333251953
97.53652954101562,36.77526473999024
99.58441162109376,35.12430953979492
98.7356185913086,36.76240158081055
98.09146118164062,37.0319938659668
100.79736328125,36.59953308105469
103.46746063232422,36.60404586791992
102.6500015258789,37.3867301940918
102.55625915527344,34.59127426147461
102.8325424194336,33.90747833251953
106.06106567382812,36.93163299560547
99.40544891357422,35.090126037597656
105.2248306274414,
,33.35755157470703
106.60247802734376,36.78206253051758
105.50181579589844,34.95961380004883
102.2806625366211,36.88688659667969
99.7374267578125,36.36863327026367
106.38023376464844,34.083343505859375
106.31377410888672,34.13241958618164
102.30042266845705,34.181888580322266
106.79922485351562,37.6496696472168
98.56635284423828,33.62993240356445
106.41353607177734,36.58143997192383
103.85099792480467,33.24249649047852
103.78609466552734,33.24906921386719
100.4063491821289,36.87620162963867
102.33479309082033,37.46009826660156
97.00935363769533,33.75380325317383
103.49198150634766,37.43509292602539
106.63507080078124,34.30184555053711
99.53237915039062,34.518096923828125
103.78793334960938,
,36.05708694458008
106.64911651611328,34.059329986572266
99.3672103881836,37.46529769897461
97.4733428955078,37.84021759033203
100.59001159667967,33.98414993286133
98.67864990234376,35.366722106933594
103.8376922607422,37.89423751831055
98.48283386230467,33.926727294921875
97.64325714111328,35.92605209350586
103.06961059570312,36.585487365722656
99.78694915771484,35.18073654174805
97.52859497070312,36.8487548828125
99.68888092041016,34.44504165649414
105.76506805419922,35.88039016723633
101.17486572265624,34.869285583496094
103.63345336914062,36.01997375488281
100.49089050292967,34.15206527709961
97.19477081298828,34.29816055297852
106.05096435546876,35.25502014160156
98.34029388427734,35.284061431884766
104.59884643554688,34.61922073364258
106.40771484375,36.68999099731445
102.9660415649414,37.7843017578125
98.00393676757812,37.614532470703125
98.8962173461914,37.161415100097656
99.68982696533205,34.83671951293945
99.13642120361328,36.299591064453125
97.5187530517578,33.6093635559082
97.95501708984376,
,36.39859771728516
104.24243927001952,
,35.9570198059082
100.59771728515624,35.43144226074219
104.29330444335938,37.75110626220703
100.78137969970705,35.31385803222656
103.17272186279295,35.080257415771484
105.78662109375,
,35.70908737182617
99.55484771728516,33.181034088134766
103.24330139160156,33.27814865112305
100.68170166015624,33.67428207397461
99.23883056640624,34.67348861694336
106.98638153076172,33.917198181152344
104.32318878173828,34.02869415283203
103.64276885986328,33.76113510131836
99.99444580078124,35.21147155761719
103.28794860839844,34.58040237426758
101.73655700683594,33.245826721191406
103.89110565185548,35.426063537597656
99.43302917480467,35.3563346862793
100.5801239013672,34.52797317504883
106.43733215332033,35.55201721191406
99.54762268066406,37.21368789672852
103.95925903320312,36.39360046386719
101.53730010986328,33.80996322631836
106.0545883178711,33.246395111083984
105.44618225097656,33.80435562133789
101.8511199951172,34.0164909362793
105.54828643798828,33.517417907714844
105.23131561279295,35.402069091796875
106.31453704833984,36.12757873535156
106.71856689453124,33.20772933959961
105.58641815185548,34.17479705810547
98.55401611328124,33.36825180053711
102.62232208251952,33.33793640136719
103.1614227294922,37.252201080322266
98.23847198486328,34.835296630859375
101.8283920288086,37.47759628295898
99.43765258789062,36.3326416015625
98.15386962890624,
,37.52936172485352
100.23465728759766,36.61095428466797
103.9183120727539,36.81481552124024
105.6671371459961,33.59428405761719
104.0729522705078,36.10243606567383
100.92559051513672,36.5389518737793
101.6622543334961,34.373291015625
101.67471313476562,33.49888610839844
97.49040222167967,37.95670318603516
98.31026458740234,37.07583999633789
102.12737274169922,33.84370803833008
99.91604614257812,37.11724853515625
101.87982940673828,34.61741256713867
103.774658203125,34.37189865112305
100.8067398071289,36.00904083251953
104.65186309814452,37.02399444580078
104.24845123291016,37.670745849609375
102.2422103881836,37.13128280639648
99.81477355957033,35.314239501953125
104.49183654785156,36.80114364624024
100.77587890625,
,33.81382751464844
98.42137145996094,33.17235565185547
106.9859848022461,37.54241180419922
104.27709197998048,35.75738906860352
99.81231689453124,36.97412109375
103.32039642333984,
,36.34489822387695
105.62879180908205,33.53428649902344
104.01707458496094,36.4951286315918
103.52444458007812,35.698768615722656
106.42356872558594,34.86669158935547
105.52191925048828,33.172889709472656
101.77690887451172,
,37.75510025024414
101.54881286621094,36.4458236694336
100.49178314208984,36.95498275756836
105.80355834960938,34.67977523803711
99.12364959716795,37.69518280029297
104.59025573730467,36.54941940307617
102.69696044921876,35.113250732421875
105.33977508544922,36.74740982055664
100.7982177734375,34.59505844116211
105.50333404541016,33.54109573364258
100.38971710205078,33.75145721435547
104.08204650878906,34.472503662109375
105.17522430419922,37.56949996948242
98.89682006835938,34.164154052734375
97.95307159423828,35.006675720214844
97.03587341308594,35.025814056396484
106.77789306640624,37.93104934692383
106.16886901855467,36.88032913208008
97.50369262695312,
,37.7540283203125
97.20193481445312,34.27412033081055
102.19578552246094,36.05817413330078
103.36949920654295,35.728153228759766
99.834716796875,36.149295806884766
104.80480194091795,33.17977523803711
99.31053924560548,36.8953742980957
97.88385772705078,34.17072677612305
104.252685546875,37.2812385559082
106.69590759277344,37.501243591308594
105.42955780029295,33.525081634521484
104.03389739990234,35.76168441772461
103.2641143798828,37.76251602172852
101.74606323242188,35.7392692565918
105.3693618774414,34.81721878051758
98.17134857177734,35.22209167480469
106.3284149169922,36.7417106628418
103.79475402832033,36.13898849487305
104.65869903564452,36.588504791259766
105.24195861816406,33.6539306640625
106.2525634765625,34.700721740722656
102.59505462646484,36.92058944702149
97.06050872802734,36.91807174682617
101.45410919189452,37.9516830444336
98.96326446533205,34.292083740234375
106.87052917480467,35.532039642333984
98.22877502441406,36.72305679321289
103.81585693359376,34.685997009277344
105.51559448242188,36.85316848754883
101.1047821044922,36.66085815429688
106.2059097290039,34.889739990234375
103.57598876953124,34.44197463989258
97.9525146484375,36.99996948242188
98.68340301513672,36.94488525390625
100.46430206298828,36.34306716918945
104.7355499267578,34.762874603271484
104.2196807861328,37.52105712890625
102.22130584716795,37.559852600097656
100.66242980957033,33.01036834716797
100.98672485351562,33.980743408203125
97.81338500976562,36.338035583496094
102.47010803222656,35.51902770996094
105.4754638671875,36.969486236572266
97.71646881103516,
,37.262481689453125
104.04268646240234,34.25386428833008
104.75818634033205,36.38349914550781
100.9916763305664,35.99363327026367
101.97412109375,35.47479248046875
99.10348510742188,
,35.95134353637695
106.11870574951172,35.68787384033203
103.0026397705078,33.1873893737793
99.3704833984375,34.25216293334961
101.1632843017578,37.2686767578125
99.09333038330078,35.34318542480469
98.08907318115234,34.17768096923828
103.8111572265625,37.68097686767578
105.82913208007812,35.91889572143555
106.21121978759766,35.45563507080078
101.82258605957033,34.45377731323242
101.44200897216795,34.3568000793457
102.8742218017578,34.41891860961914
103.87267303466795,36.78215408325195
103.9598617553711,36.53335952758789
106.63040924072266,36.10114669799805
99.85360717773438,36.450321197509766
106.388427734375,
,33.56991195678711
106.39742279052734,34.462188720703125
99.3092803955078,34.06949615478516
97.6596450805664,34.4586181640625
102.7132339477539,36.79164505004883
102.46595764160156,36.055908203125
104.39502716064452,33.52819061279297
97.26786041259766,
,37.70709228515625
106.9651870727539,37.19231033325195
103.26082611083984,
,35.04336929321289
101.20410919189452,37.83650588989258
98.02761840820312,33.72010803222656
106.22115325927734,36.10433197021485
97.27490997314452,34.6329345703125
97.89315032958984,37.13728713989258
104.6285629272461,37.31364059448242
100.76421356201172,
,33.341705322265625
106.3058090209961,35.33235549926758
106.21006774902344,37.59855651855469
102.29339599609376,34.60469436645508
106.05647277832033,35.49563217163086
100.8633270263672,34.841670989990234
106.61580657958984,34.05281448364258
104.32628631591795,35.444576263427734
104.35126495361328,36.22006988525391
97.30340576171876,34.43784713745117
103.00163269042967,33.92647933959961
101.9510726928711,34.44405746459961
99.7490005493164,35.58082962036133
99.9189224243164,35.4212532043457
97.69862365722656,35.12800598144531
100.63258361816406,36.777618408203125
106.62889862060548,37.87178421020508
97.53807067871094,36.55373001098633
97.9142074584961,37.51457595825195
102.5073013305664,33.48367691040039
104.70448303222656,34.240806579589844
105.3771743774414,34.2889518737793
106.23812866210938,36.10310745239258
100.54740142822266,34.5938606262207
106.52767944335938,35.56180953979492
104.49891662597656,35.93976974487305
97.72584533691406,35.57777786254883
103.92867279052734,37.0635871887207
105.0023193359375,36.84650039672852
97.65841674804688,37.39759826660156
103.8618621826172,37.391448974609375
104.44829559326172,35.53020477294922
105.53739166259766,37.71531677246094
98.42439270019533,37.5440559387207
106.58633422851562,34.236900329589844
106.79105377197266,33.8651123046875
104.02406311035156,36.91967391967773
106.97213745117188,34.33243560791016
101.48050689697266,34.03083038330078
98.84795379638672,36.76635360717773
105.02217864990234,37.77740097045898
101.07840728759766,35.83684539794922
106.41761016845705,35.30295944213867
106.5037078857422,33.94065475463867
104.77937316894533,37.83836364746094
100.95784759521484,
,35.60793685913086
104.57980346679688,34.506919860839844
97.73933410644533,33.36711120605469
97.66919708251952,35.64545822143555
106.33346557617188,33.021583557128906
97.46527099609376,35.18403244018555
104.92486572265624,33.95713806152344
103.76476287841795,34.14906311035156
97.2358627319336,37.79024505615234
101.68058013916016,35.85696029663086
97.93328094482422,37.21261596679688
98.60135650634766,36.31956481933594
98.23835754394533,34.44425201416016
102.87301635742188,36.69140625
98.3470458984375,33.807830810546875
100.30307006835938,35.10370635986328
106.08647918701172,33.63138961791992
99.35115051269533,33.34991455078125
100.26617431640624,37.61066436767578
103.30906677246094,33.66398620605469
97.96135711669922,33.757301330566406
98.47284698486328,37.36443710327149
105.41299438476562,34.764793395996094
100.6648178100586,37.528465270996094
102.1253433227539,35.977745056152344
101.08439636230467,37.97993850708008
104.0259246826172,34.32830047607422
100.99574279785156,35.98974609375
99.88719177246094,36.89444732666016
100.69931030273438,36.65950012207031
101.42733764648438,33.85282897949219
99.72666931152344,34.91548538208008
105.17854309082033,36.43640899658203
99.01368713378906,37.76057052612305
104.23876190185548,35.87419509887695
102.94622802734376,35.19681167602539
97.32869720458984,37.19913864135742
101.3722686767578,36.77570343017578
104.86073303222656,33.39644241333008
103.56648254394533,35.23293685913086
103.6902084350586,35.839786529541016
97.92111206054688,37.296966552734375
104.68538665771484,33.32533264160156
103.81983184814452,36.66752243041992
100.26859283447266,36.691253662109375
103.84514617919922,35.95159149169922
97.8783950805664,35.07541275024414
97.36664581298828,36.13619613647461
100.0248031616211,37.15101623535156
102.95735931396484,34.5797119140625
106.73527526855467,35.21431350708008
101.51576232910156,35.05788803100586
97.78850555419922,35.25259780883789
98.76239013671876,34.25079727172852
102.51099395751952,36.43108749389648
106.84883880615234,37.174800872802734
102.89466094970705,35.680908203125
99.02986907958984,37.36372375488281
104.61956787109376,35.68126678466797
97.8208465576172,35.625858306884766
104.03361511230467,35.69626235961914
104.24606323242188,37.99184799194336
105.37486267089844,35.31983947753906
104.39395141601562,35.55809783935547
101.04454040527344,34.367637634277344
101.10507202148438,35.480960845947266
102.98986053466795,36.97304153442383
97.38446044921876,34.24615859985352
105.41546630859376,35.53300094604492
106.93817138671876,37.73929977416992
99.99988555908205,34.650569915771484
98.49786376953124,34.39189910888672
102.1173324584961,35.97966384887695
100.4148406982422,35.47453689575195
102.70785522460938,
,36.36092376708984
97.26563262939452,36.41902160644531
103.71070861816406,33.41580581665039
106.6517333984375,37.31070709228516
101.91880798339844,34.98761367797852
97.60363006591795,34.492191314697266
100.3583526611328,34.100830078125
104.91449737548828,33.96199035644531
99.78018951416016,
,34.257545471191406
97.55111694335938,35.61301040649414
103.0614242553711,34.032588958740234
106.54837036132812,
,35.393768310546875
100.33715057373048,35.422760009765625
98.3638687133789,37.8691291809082
97.01551055908205,35.84849166870117
97.00383758544922,33.75382614135742
103.43899536132812,33.76911544799805
100.997802734375,34.13589096069336
101.94361114501952,36.11696243286133
105.0492935180664,34.86145782470703
102.90361785888672,36.02056121826172
97.83514404296876,
,36.42950439453125
104.81600189208984,35.1475944519043
104.0776596069336,33.206398010253906
105.17098236083984,37.45986175537109
102.40685272216795,35.870460510253906
100.56058502197266,35.10114669799805
101.29188537597656,34.75270462036133
103.27775573730467,34.306514739990234
97.75592041015624,37.20723724365234
99.30084991455078,34.03812026977539
98.78521728515624,33.8735237121582
101.9884262084961,37.08551788330078
97.9068603515625,36.31334686279297
104.11703491210938,36.949462890625
99.19205474853516,33.869014739990234
103.96868896484376,33.81212615966797
103.73605346679688,33.08496856689453
97.02509307861328,37.05274200439453
103.369873046875,36.756385803222656
100.98870086669922,35.13555908203125
97.04674530029295,36.87837600708008
103.47332000732422,34.780006408691406
97.46361541748048,36.93000793457031
106.03131103515624,33.35715866088867
97.21150207519533,35.41465759277344
97.34757232666016,36.12808609008789
99.59075927734376,33.882904052734375
105.10289001464844,34.32716751098633
104.70352935791016,36.23875045776367
106.2636260986328,36.60346603393555
98.07462310791016,34.26078796386719
106.5205535888672,37.00727462768555
106.62000274658205,36.96654891967773
100.15624237060548,37.085594177246094
97.69498443603516,33.89512634277344
106.58098602294922,35.87207794189453
105.04273223876952,33.365989685058594
105.7938232421875,34.15289688110352
102.1953125,33.64993667602539
105.75199127197266,33.668914794921875
106.84675598144533,36.17138671875
101.73873901367188,34.70094299316406
100.77520751953124,37.8262939453125
105.37014770507812,34.37881851196289
97.19886016845705,35.74831771850586
106.95164489746094,35.352901458740234
105.83941650390624,34.34811782836914
103.70059967041016,37.51667785644531
104.11641693115234,36.657257080078125
99.2007293701172,
,36.06502914428711
105.20501708984376,33.178470611572266
104.3883819580078,33.78337860107422
102.70222473144533,36.73876190185547
97.30391693115234,34.269893646240234
99.73046112060548,33.11909103393555
106.22805786132812,34.331031799316406
101.27688598632812,35.96431350708008
104.69591522216795,35.49525451660156
102.4774169921875,36.69873428344727
106.7785415649414,37.12954330444336
102.1116714477539,36.25358200073242
100.7621612548828,36.67034149169922
102.02003479003906,33.5250129699707
97.85028076171876,35.204978942871094
99.38853454589844,37.94146728515625
99.4010009765625,33.82343292236328
97.45061492919922,33.048458099365234
99.20114135742188,33.98296356201172
105.52666473388672,36.82902526855469
106.45235443115234,35.08855438232422
99.16082763671876,34.55372619628906
105.42028045654295,34.358055114746094
105.62185668945312,34.99940872192383
97.88312530517578,37.432647705078125
103.1776351928711,35.564918518066406
103.83181762695312,33.45935821533203
104.88805389404295,35.74103164672852
99.1103057861328,33.38951110839844
104.9796371459961,33.64881134033203
104.72270965576172,37.73566055297852
100.109375,
,33.84430313110352
97.11254119873048,35.44117736816406
98.80189514160156,34.86066436767578
106.15625762939452,36.598236083984375
102.92771911621094,33.8227653503418
103.55059814453124,36.14916229248047
97.51652526855467,37.44062423706055
104.11377716064452,36.69906997680664
103.04920196533205,37.681739807128906
106.09869384765624,34.487735748291016
100.89160919189452,36.33330154418945
100.07687377929688,37.84004974365234
97.26403045654295,37.19113159179688
97.97640228271484,37.66951751708984
104.9599838256836,36.56029510498047
97.96505737304688,37.74031066894531
104.4660873413086,33.375221252441406
99.70378875732422,35.13528823852539
98.99295806884766,35.849578857421875
100.11329650878906,
,36.79505920410156
100.8518295288086,36.498191833496094
105.21331787109376,36.680320739746094
102.50720977783205,34.81626892089844
98.06344604492188,33.25251388549805
98.62197875976562,37.3250617980957
103.10231018066406,34.37970352172852
105.7779312133789,34.766807556152344
106.3115692138672,35.01835632324219
103.61933135986328,36.2490119934082
102.57904815673828,34.21280670166016
104.44479370117188,36.90929412841797
106.05590057373048,35.20083999633789
106.63151550292967,34.02993392944336
97.37146759033205,34.555931091308594
101.01475524902344,33.933982849121094
101.5321273803711,35.997440338134766
97.1902847290039,
,37.34072494506836
98.58190155029295,34.72525405883789
101.58576965332033,36.47394943237305
102.24761962890624,35.22084045410156
103.77159118652344,36.75197982788086
99.68245697021484,36.91243743896485
106.55489349365234,37.013282775878906
102.4917984008789,35.482295989990234
104.40506744384766,37.55872344970703
104.08729553222656,34.68168258666992
99.16558074951172,37.47072982788086
103.97545623779295,35.31679153442383
106.1502914428711,37.88265228271485
106.05960083007812,35.1026611328125
97.25607299804688,36.4804916381836
103.85408020019533,37.87566757202149
106.58912658691406,
,34.148345947265625
102.66756439208984,33.759037017822266
100.71685028076172,35.604278564453125
105.50099182128906,
,34.58884811401367
98.09576416015624,36.06558227539063
104.56712341308594,33.11562728881836
101.43512725830078,35.8957405090332
98.9773178100586,37.36119842529297
99.54113006591795,35.47182083129883
106.94828033447266,33.10837173461914
103.50360107421876,34.85047912597656
106.70655059814452,
,33.385101318359375
103.62565612792967,33.837257385253906
106.40081024169922,36.61655807495117
104.05203247070312,36.176082611083984
102.07453918457033,35.44659423828125
106.63977813720705,37.93324279785156
101.18719482421876,37.65299606323242
99.8677215576172,37.90103912353516
101.96495056152344,37.63334274291992
102.10169982910156,33.15814208984375
106.30216979980467,33.93949890136719
105.14544677734376,37.01661682128906
105.64349365234376,37.25497055053711
104.62598419189452,36.28582763671875
100.3599624633789,36.632957458496094
98.68968963623048,35.06259536743164
105.0794906616211,34.94482421875
97.72561645507812,35.47032928466797
104.89215087890624,
,37.63419342041016
101.10604858398438,37.45423889160156
97.33551025390624,
,37.59269332885742
103.15617370605467,36.792274475097656
100.83152770996094,37.2276496887207
101.30918884277344,36.1722297668457
102.15131378173828,34.785770416259766
98.01942443847656,36.04753112792969
99.18797302246094,33.88153076171875
105.27960205078124,35.90629959106445
101.29792022705078,33.383731842041016
101.75798034667967,35.64623260498047
100.54969024658205,35.31911849975586
106.2023468017578,36.545047760009766
103.65447998046876,35.69746017456055
106.4745635986328,35.56366729736328
102.2997817993164,35.479732513427734
106.60530853271484,37.82168960571289
104.65892028808594,33.30531311035156
99.35658264160156,33.815128326416016
97.09319305419922,33.11856842041016
100.57429504394533,33.01129913330078
101.22843170166016,37.303001403808594
104.66771697998048,36.54106521606445
104.16094970703124,37.5049934387207
105.49078369140624,33.395103454589844
99.26451110839844,33.4760856628418
102.37012481689452,34.78852462768555
97.53235626220705,36.2662353515625
103.87452697753906,34.016361236572266
98.68802642822266,34.16916275024414
103.60521697998048,33.530670166015625
97.00382995605467,33.76774215698242
99.1336669921875,34.682342529296875
98.8555145263672,34.69391250610352
103.51504516601562,34.90598678588867
98.5073699951172,33.96193313598633
98.83269500732422,33.3472900390625
106.33463287353516,36.50077438354492
99.03450012207033,34.71517562866211
100.02518463134766,34.19574737548828
104.39543914794922,36.10016250610352
105.12752532958984,33.19845199584961
102.51170349121094,36.94792938232422
99.70453643798828,37.85239410400391
103.5447769165039,36.32585525512695
106.7158432006836,37.93403625488281
101.34236145019533,36.54265594482422
103.17311096191406,
,37.78600692749024
104.2531509399414,33.30984115600586
103.61797332763672,36.5063705444336
105.04438018798828,34.75353240966797
98.6453628540039,35.844146728515625
104.22223663330078,35.015411376953125
106.9362564086914,
,33.05424880981445
105.58045959472656,35.625030517578125
105.0769271850586,37.61686706542969
103.6041488647461,34.29975891113281
99.30342864990234,36.67147445678711
98.54631042480467,37.7597541809082
101.5972137451172,33.14327621459961
100.45158386230467,35.167179107666016
97.50975799560548,37.086856842041016
106.63391876220705,37.6102180480957
102.95500946044922,36.15108108520508
106.28887176513672,37.33536529541016
102.09374237060548,33.167564392089844
103.0965347290039,36.96442413330078
100.00349426269533,35.947628021240234
100.25409698486328,33.923118591308594
99.03287506103516,33.27579879760742
101.48672485351562,34.42413330078125
105.8004913330078,36.2252197265625
101.30323791503906,36.68266296386719
98.48204803466795,36.61019515991211
105.57799530029295,33.070892333984375
99.86876678466795,37.21586990356445
98.1630401611328,34.33661651611328
100.53860473632812,33.336055755615234
105.68376159667967,35.43767166137695
102.88621520996094,33.14992141723633
98.7968292236328,35.95505905151367
102.13319396972656,
,37.14790725708008
97.46735382080078,36.40518951416016
100.35574340820312,37.647216796875
106.66460418701172,37.34881210327149
100.4172134399414,34.55936050415039
98.9445343017578,34.58258819580078
104.03266143798828,36.50522232055664
103.04360961914062,35.11881256103516
100.37981414794922,34.46440505981445
102.73662567138672,34.19831085205078
102.08208465576172,33.0583610534668
106.90668487548828,36.96088409423828
101.9041748046875,34.648948669433594
98.35851287841795,34.92072296142578
104.8747329711914,33.30221176147461
106.48533630371094,33.320743560791016
100.60637664794922,34.70360565185547
99.48231506347656,34.96783828735352
100.3475570678711,34.50197982788086
103.78695678710938,37.25813674926758
100.054931640625,35.827632904052734
106.42843627929688,36.83193588256836
101.19348907470705,37.64311599731445
102.94046783447266,33.124752044677734
104.50553131103516,36.80827713012695
99.23373413085938,36.653202056884766
105.56732177734376,35.53832244873047
101.24962615966795,36.2389030456543
105.97990417480467,34.848365783691406
100.56539154052734,34.47132873535156
103.28833770751952,36.07561492919922
98.60212707519533,34.33881759643555
99.91500854492188,33.54523849487305
98.61366271972656,36.44267272949219
105.50314331054688,37.12337875366211
105.31578826904295,34.75909805297852
105.03365325927734,35.98591613769531
98.41838836669922,37.29707336425781
98.82809448242188,34.07174301147461
101.47389221191406,37.93050765991211
104.05226135253906,33.49235153198242
105.3936996459961,33.21577835083008
106.76300048828124,33.18606948852539
98.21858215332033,
,36.43678283691406
97.1760711669922,35.72104263305664
98.35991668701172,34.35053253173828
103.56387329101562,34.768333435058594
103.80509185791016,35.92742156982422
104.04723358154295,
,36.142852783203125
99.54067993164062,37.57053756713867
99.9887237548828,35.783878326416016
97.05834197998048,35.252784729003906
104.88356018066406,37.76811599731445
97.73089599609376,35.33926773071289
99.8057098388672,35.64145278930664
100.64210510253906,37.61789321899414
101.16594696044922,34.57660675048828
106.99403381347656,34.444618225097656
104.77399444580078,35.64317321777344
106.48580169677734,37.42166519165039
102.30807495117188,34.36192321777344
99.41766357421876,37.99322509765625
101.22991943359376,35.714820861816406
103.10579681396484,34.445167541503906
99.48152160644533,35.804420471191406
101.07292175292967,33.577674865722656
99.50973510742188,36.42165756225586
106.02690887451172,33.39649200439453
105.64717864990234,34.77491760253906
97.16637420654295,
,37.88920974731445
104.83113098144533,35.9243278503418
97.64733123779295,35.34471893310547
105.9763641357422,37.17623519897461
102.34675598144533,34.63374710083008
97.41739654541016,34.839561462402344
101.43318939208984,35.45540237426758
100.95117950439452,37.38239669799805
97.88153076171876,35.36560821533203
100.18523406982422,37.41084671020508
100.07070922851562,37.84811782836914
97.64212036132812,37.05343246459961
97.04740142822266,37.59104919433594
100.1493911743164,34.82182693481445
101.38578033447266,33.56489944458008
103.12845611572266,36.30698776245117
99.92033386230467,
,33.60763168334961
98.08018493652344,36.58956527709961
97.03264617919922,33.88797378540039
99.2764129638672,36.39173889160156
98.95014190673828,33.580772399902344
97.44622802734376,37.7953987121582
104.11647033691406,33.12019729614258
97.1374282836914,37.44987869262695
97.9563217163086,33.5754508972168
103.18440246582033,37.9042854309082
99.03386688232422,36.420597076416016
106.08509063720705,36.58506393432617
98.22440338134766,34.228424072265625
101.01809692382812,
,33.64631271362305
99.02676391601562,35.219783782958984
102.66192626953124,33.82263946533203
97.27716064453124,33.9098014831543
97.8505859375,36.42320251464844
106.1125030517578,34.113304138183594
99.60279846191406,35.15530014038086
100.78303527832033,33.72614669799805
99.34349822998048,33.165428161621094
105.71886444091795,37.98414993286133
102.52891540527344,35.56513977050781
103.86963653564452,
,34.313358306884766
97.22423553466795,34.10006332397461
103.73057556152344,33.959449768066406
98.3135757446289,37.72446441650391
103.74495697021484,34.03890609741211
106.27021026611328,35.87711715698242
101.3858413696289,36.555763244628906
102.93607330322266,33.599639892578125
99.74057006835938,35.24006652832031
104.82799530029295,37.647579193115234
106.86251068115234,37.40951156616211
102.2638702392578,35.38568115234375
100.25149536132812,33.46111297607422
97.90296173095705,35.66493225097656
105.59088134765624,34.6336555480957
105.72901153564452,35.11341094970703
104.5083465576172,35.437137603759766
101.6473388671875,34.528587341308594
102.35183715820312,34.4290657043457
98.18820190429688,36.65758895874024
101.2322998046875,34.59873580932617
105.67780303955078,34.20378875732422
104.06182861328124,37.74459838867188
100.99539184570312,35.52741241455078
101.60144805908205,36.65891647338867
105.48880004882812,35.39732360839844
100.53739166259766,36.21640396118164
104.12677001953124,36.458980560302734
100.01444244384766,36.61955261230469
106.31705474853516,36.78398513793945
102.04403686523438,33.69557571411133
104.94377899169922,33.90865707397461
97.9758071899414,36.26915740966797
100.41128540039062,35.65766906738281
104.7139663696289,33.36973571777344
100.71266174316406,33.588958740234375
99.05821228027344,36.92340850830078
99.67455291748048,34.81307601928711
106.67208099365234,37.99915313720703
99.7629623413086,35.985782623291016
101.00120544433594,34.65450668334961
100.62681579589844,34.446990966796875
106.8599853515625,
,36.97834777832031
98.98628997802734,33.308982849121094
97.33360290527344,33.19450378417969
102.82044219970705,35.627723693847656
104.994873046875,36.937110900878906
103.96981048583984,36.56872177124024
103.7528076171875,
,37.436954498291016
105.54666900634766,34.72319030761719
105.70012664794922,35.305564880371094
99.49859619140624,33.237178802490234
104.2408676147461,36.580528259277344
103.94232177734376,34.403263092041016
103.51290893554688,33.83005142211914
104.93789672851562,35.62321472167969
98.42189025878906,36.14193344116211
100.21527862548828,36.47174453735352
104.48384857177734,36.20289993286133
99.15658569335938,
,35.16483688354492
97.23702239990234,37.02749633789063
102.52658081054688,34.81367874145508
106.4964599609375,37.73298645019531
99.9067153930664,35.87567901611328
105.25244903564452,37.75992965698242
106.13311004638672,36.55566787719727
102.23001098632812,36.27228927612305
101.58248901367188,35.874454498291016
100.46392059326172,
,36.21395111083984
100.4198989868164,33.19093322753906
104.18335723876952,33.11319351196289
102.28819274902344,33.7571907043457
102.14323425292967,37.17030334472656
98.675048828125,37.84983825683594
99.71127319335938,33.35061264038086
100.92700958251952,34.23897933959961
101.24044799804688,33.320526123046875
105.03011322021484,36.85202026367188
97.14183807373048,37.62565231323242
99.87689971923828,34.08741760253906
98.0182113647461,36.67375946044922
98.92110443115234,37.333946228027344
103.67434692382812,37.506446838378906
104.19828033447266,37.24916076660156
106.57429504394533,35.00380325317383
98.312744140625,33.94700241088867
99.97884368896484,35.396751403808594
106.40437316894533,35.95176315307617
103.15290832519533,34.47460174560547
99.2885513305664,33.983848571777344
101.85575103759766,
,35.57888412475586
101.57979583740234,34.70850372314453
103.5908432006836,36.47672271728516
102.27826690673828,33.31709289550781
100.53248596191406,37.4556999206543
99.70310974121094,35.41753387451172
97.2935028076172,35.33610534667969
102.69623565673828,34.815860748291016
105.95462036132812,33.80137252807617
99.4730987548828,
,33.8652229309082
102.939697265625,33.65550994873047
103.30813598632812,37.78838348388672
101.41350555419922,35.84939956665039
101.17261505126952,35.36207580566406
106.68912506103516,33.68376159667969
102.34880828857422,37.825626373291016
100.16959381103516,36.96263885498047
104.6351089477539,35.129146575927734
104.03052520751952,36.0139274597168
99.62458038330078,37.93698501586914
97.15753936767578,33.85879898071289
98.05523681640624,34.69636917114258
100.58283233642578,36.17018127441406
105.42848205566406,33.46675491333008
98.95768737792967,33.291133880615234
101.0059051513672,37.52130889892578
105.54371643066406,37.37150192260742
106.09400177001952,35.539306640625
104.34883880615234,36.788387298583984
102.21770477294922,36.68342208862305
97.1229476928711,35.39810562133789
101.046142578125,34.56367492675781
106.3933563232422,36.47576141357422
98.2361831665039,34.6727409362793
104.57135772705078,34.44966506958008
104.28173065185548,34.41777038574219
97.78892517089844,37.60408020019531
98.22315979003906,35.74307632446289
103.30994415283205,34.00169372558594
102.93033599853516,
,35.42584228515625
102.69074249267578,36.6709213256836
103.02977752685548,36.506813049316406
97.4428939819336,33.452816009521484
102.65839385986328,33.8435173034668
103.47443389892578,34.68960952758789
105.01439666748048,34.526214599609375
98.94676971435548,35.32136154174805
105.75967407226562,35.96440887451172
101.8280792236328,36.70187377929688
102.42310333251952,34.4898681640625
102.29928588867188,34.770050048828125
102.26596069335938,33.22322082519531
106.4805908203125,33.68281555175781
103.86347198486328,33.12708282470703
98.3451919555664,36.5060920715332
100.85748291015624,34.960975646972656
103.7526626586914,33.79948043823242
100.7514877319336,34.1839599609375
102.78292083740234,34.107051849365234
100.67308807373048,35.51668167114258
102.97087860107422,
,35.12689971923828
101.85871887207033,36.9757194519043
102.8573760986328,36.07443237304688
102.6111831665039,37.02177047729492
99.02293395996094,37.31196975708008
99.9953155517578,33.554203033447266
102.57150268554688,36.20281219482422
100.67243957519533,36.121337890625
97.32881927490234,33.73542785644531
99.47127532958984,34.60919570922852
98.78562927246094,34.10173416137695
102.45987701416016,37.84683990478516
100.9199447631836,35.230010986328125
103.3468780517578,33.87565994262695
98.18343353271484,36.786598205566406
103.00540924072266,36.62505722045898
101.40792846679688,36.932708740234375
104.3740005493164,34.88253402709961
102.1204071044922,33.03310012817383
97.92367553710938,
,33.01299285888672
103.5665512084961,34.01163101196289
104.83655548095705,36.94580078125
105.39754486083984,36.05037689208984
105.3727035522461,
,33.902305603027344
104.0455551147461,36.1480827331543
100.5209503173828,36.07777404785156
99.86901092529295,34.33517837524414
103.29200744628906,36.6878547668457
102.3460464477539,36.65723037719727
99.86146545410156,37.904571533203125
97.7519989013672,37.31813049316406
103.37751770019533,33.953125
102.82061004638672,34.7557258605957
99.12055206298828,35.21731185913086
97.70677185058594,37.20454788208008
99.9493179321289,34.065208435058594
106.57150268554688,37.06755447387695
99.56230926513672,33.00771713256836
98.57158660888672,34.75864791870117
98.7152862548828,37.45276641845703
102.03966522216795,37.45202255249024
97.58441162109376,33.63344192504883
100.72311401367188,36.30386352539063
105.58275604248048,34.604736328125
100.75617980957033,33.78846740722656
100.7467041015625,33.52802658081055
105.4697265625,33.32856750488281
105.46443176269533,36.73543548583984
97.49817657470705,35.825050354003906
103.84294891357422,37.2608757019043
97.34291076660156,35.037261962890625
101.89966583251952,35.45006561279297
101.50171661376952,37.21440505981445
100.46721649169922,33.35457229614258
103.92545318603516,34.69572067260742
104.87419891357422,36.99289321899414
101.52571868896484,36.06089782714844
99.20877838134766,37.80192184448242
98.41915130615234,33.10672378540039
102.4295425415039,37.37841033935547
103.5985107421875,34.199928283691406
100.46822357177734,37.05575180053711
100.74656677246094,36.98474884033203
101.39478302001952,33.91919708251953
100.22854614257812,37.46196365356445
103.84046936035156,35.12137985229492
103.42337799072266,33.87052154541016
100.61467742919922,33.676795959472656
101.37052917480467,34.380455017089844
100.11414337158205,36.13280487060547
102.20417785644533,36.59304428100586
106.46477508544922,37.8875617980957
103.63192749023438,35.68239212036133
101.65595245361328,33.27372741699219
103.15162658691406,34.56494903564453
101.28594207763672,37.2100715637207
104.56236267089844,37.38341522216797
99.0328140258789,34.96418380737305
97.8394012451172,33.144866943359375
103.18370056152344,33.001800537109375
104.5182113647461,35.00326919555664
100.79546356201172,36.075965881347656
104.6518096923828,37.91263198852539
99.89647674560548,36.3134651184082
102.29422760009766,36.70246124267578
97.89823150634766,35.43513107299805
105.43383026123048,37.90155792236328
106.28478240966795,
,36.12677001953125
